电力行业|随着计量自动化系统采集覆盖率不断提升、客户渠道服务的大面积推广、智能小区建设的持续推进，配用电环节的用户交互信息已经呈现大数据特征，采用大数据分析技术对这些用户交互信息进行分析，了解客户行为特点、用电偏好、客户业务偏好、渠道偏好、缴费习惯、关注领域等行为，并基于客户特点进行客户分群管理，为渠道分流、业务推荐、节能建议等差异化服务策略制定、精确主动服务提供支撑。
电信行业|"电信运营商拥有多年的数据积累，拥有诸如财务收入、业务发展量等结构化数据，也会涉及到图片、文本、音频、视频等非结构化数据。从数据来源看，电信运营商的数据来自于涉及移动语音、固定电话、固网接入和无线上网等所有业务，也会涉及公众客户、政企客户和家庭客户，同时也会收集到实体渠道、电子渠道、直销渠道等所有类型渠道的接触信息。整体来看，电信运营商大数据发展仍处在探索阶段。目前国内运营商运用大数据主要有：网络管理和优化；市场与精准营销；客户关系管理；企业运营管理。
"
数据科学+智能科学实验室解决方案|虽然大数据目前在国内还处于初级阶段，但是其商业价值已经显现出来，特别是有实践经验的大数据分析人才更是各企业争夺的热门。为了满足日益增长的大数据分析人才需求，很多大学开始尝试开设不同程度的大数据分析课程。“大数据分析”作为大数据时代的核心技术，必将成为高校数学与统计学专业的重要课程之一。
医疗卫生|乳腺癌证素变化规律及截断疗法模型、基于内容图像检索的脑瘤早期辅助诊断模型
一体化教学实训平台解决方案|大数据一体化教学实训平台共包含9大模块：教学管理平台、云资源管理平台、大数据分析平台、大数据开发实训平台、Python数据挖掘建模平台、Python编程实训平台、R语言数据挖掘建模平台、R语言编程实训平台、大数据整合平台。
金融保险|客户细分分析、银行风险管理、银行信用等级评估
大数据挖掘工作室建设方案|大数据处理为一个新兴的行业，大数据的应用正在各个行业风生水起，大至总统竞选，小至互联网公司的数据挖掘，都需要大数据的统计和计量，大数据行业正乘着这股潮流勇攀高峰，前景无限。
生产制造|智能自动配方仿真、不同种类生物质废物在混合厌氧消化过程中组份的优化搭配模型、厌氧消化过程预测和预警、桩基完整性检测、石油勘探中油气层自动评价、家电用户使用习惯数据挖掘、家电设备（如空调、热水器等）用户行为分析、
大数据挖掘校内实训方案|"随着互联网普及和移动互联网的突飞猛进，人们已然进入信息爆炸时代，人们已不再为如何获取信息而苦恼，但如何对已获取的信息进行有效处理，即在现有数据资源上进行“数据深加工”，进一步从中挖掘出有价值的内容却困扰着无数人。在此背景下，数据科学人才也顺势成为当今社会最受欢迎的群体之一，而其中又以数据分析与挖掘人才的需求最为迫切。
但现实是，一方面大量社会企业很难寻找到合适的数据分析及挖掘人才，另一方面高校对于如何培养出符合企业需求的人才又深感困扰，。故此，泰迪科技拟出一个针对以上问题的实训方案。"
零售商贸|精准智能营销、展会贸易匹配、客户需求倾向分析
高校大数据相关学科人才培养方案|泰迪科技结合高校面临的困境与众多高校教学专家一起总结出系列大数据人才培养方案，方案在保证了高校学生应接受的基础知识的同时将企业应用结合到课程设置中，让学生早一步了解企业数据挖掘应用。
农畜牧业|水产健康养殖专家系统、水产主导品种数据化专家系统、水色图像预测评价、水产养殖投入产出多目标优化仿真、海水增养殖区环境综合评价
泰迪大数据挖掘第二课堂建设方案|高校数据挖掘课堂教学主要存在如下一些问题：​偏重算法、原理的学习，大部分的例子都是为了应用某个算法而设计的，缺少商业背景和问题理解（强调理论体系的完整，弱化实践，忽略了大部分学生是要到一般企业就业的）；教师缺乏解决具体商业问题的经验（接触的项目大多是政府各部门的基金，解决偏理论研究方面的问题）。
政府部门|纳税评估、律师信用评估、个人信用评估、企业信用评级、公安经济犯罪侦查
电力行业|随着计量自动化系统采集覆盖率不断提升、客户渠道服务的大面积推广、智能小区建设的持续推进，配用电环节的用户交互信息已经呈现大数据特征，采用大数据分析技术对这些用户交互信息进行分析，了解客户行为特点、用电偏好、客户业务偏好、渠道偏好、缴费习惯、关注领域等行为，并基于客户特点进行客户分群管理，为渠道分流、业务推荐、节能建议等差异化服务策略制定、精确主动服务提供支撑。
电信行业|"电信运营商拥有多年的数据积累，拥有诸如财务收入、业务发展量等结构化数据，也会涉及到图片、文本、音频、视频等非结构化数据。从数据来源看，电信运营商的数据来自于涉及移动语音、固定电话、固网接入和无线上网等所有业务，也会涉及公众客户、政企客户和家庭客户，同时也会收集到实体渠道、电子渠道、直销渠道等所有类型渠道的接触信息。整体来看，电信运营商大数据发展仍处在探索阶段。目前国内运营商运用大数据主要有：网络管理和优化；市场与精准营销；客户关系管理；企业运营管理。
"
数据科学+智能科学实验室解决方案|虽然大数据目前在国内还处于初级阶段，但是其商业价值已经显现出来，特别是有实践经验的大数据分析人才更是各企业争夺的热门。为了满足日益增长的大数据分析人才需求，很多大学开始尝试开设不同程度的大数据分析课程。“大数据分析”作为大数据时代的核心技术，必将成为高校数学与统计学专业的重要课程之一。
医疗卫生|乳腺癌证素变化规律及截断疗法模型、基于内容图像检索的脑瘤早期辅助诊断模型
一体化教学实训平台解决方案|大数据一体化教学实训平台共包含9大模块：教学管理平台、云资源管理平台、大数据分析平台、大数据开发实训平台、Python数据挖掘建模平台、Python编程实训平台、R语言数据挖掘建模平台、R语言编程实训平台、大数据整合平台。
金融保险|客户细分分析、银行风险管理、银行信用等级评估
大数据挖掘工作室建设方案|大数据处理为一个新兴的行业，大数据的应用正在各个行业风生水起，大至总统竞选，小至互联网公司的数据挖掘，都需要大数据的统计和计量，大数据行业正乘着这股潮流勇攀高峰，前景无限。
生产制造|智能自动配方仿真、不同种类生物质废物在混合厌氧消化过程中组份的优化搭配模型、厌氧消化过程预测和预警、桩基完整性检测、石油勘探中油气层自动评价、家电用户使用习惯数据挖掘、家电设备（如空调、热水器等）用户行为分析、
大数据挖掘校内实训方案|"随着互联网普及和移动互联网的突飞猛进，人们已然进入信息爆炸时代，人们已不再为如何获取信息而苦恼，但如何对已获取的信息进行有效处理，即在现有数据资源上进行“数据深加工”，进一步从中挖掘出有价值的内容却困扰着无数人。在此背景下，数据科学人才也顺势成为当今社会最受欢迎的群体之一，而其中又以数据分析与挖掘人才的需求最为迫切。
但现实是，一方面大量社会企业很难寻找到合适的数据分析及挖掘人才，另一方面高校对于如何培养出符合企业需求的人才又深感困扰，。故此，泰迪科技拟出一个针对以上问题的实训方案。"
零售商贸|精准智能营销、展会贸易匹配、客户需求倾向分析
高校大数据相关学科人才培养方案|泰迪科技结合高校面临的困境与众多高校教学专家一起总结出系列大数据人才培养方案，方案在保证了高校学生应接受的基础知识的同时将企业应用结合到课程设置中，让学生早一步了解企业数据挖掘应用。
农畜牧业|水产健康养殖专家系统、水产主导品种数据化专家系统、水色图像预测评价、水产养殖投入产出多目标优化仿真、海水增养殖区环境综合评价
泰迪大数据挖掘第二课堂建设方案|高校数据挖掘课堂教学主要存在如下一些问题：​偏重算法、原理的学习，大部分的例子都是为了应用某个算法而设计的，缺少商业背景和问题理解（强调理论体系的完整，弱化实践，忽略了大部分学生是要到一般企业就业的）；教师缺乏解决具体商业问题的经验（接触的项目大多是政府各部门的基金，解决偏理论研究方面的问题）。
政府部门|纳税评估、律师信用评估、个人信用评估、企业信用评级、公安经济犯罪侦查
电力行业|随着计量自动化系统采集覆盖率不断提升、客户渠道服务的大面积推广、智能小区建设的持续推进，配用电环节的用户交互信息已经呈现大数据特征，采用大数据分析技术对这些用户交互信息进行分析，了解客户行为特点、用电偏好、客户业务偏好、渠道偏好、缴费习惯、关注领域等行为，并基于客户特点进行客户分群管理，为渠道分流、业务推荐、节能建议等差异化服务策略制定、精确主动服务提供支撑。
电信行业|"电信运营商拥有多年的数据积累，拥有诸如财务收入、业务发展量等结构化数据，也会涉及到图片、文本、音频、视频等非结构化数据。从数据来源看，电信运营商的数据来自于涉及移动语音、固定电话、固网接入和无线上网等所有业务，也会涉及公众客户、政企客户和家庭客户，同时也会收集到实体渠道、电子渠道、直销渠道等所有类型渠道的接触信息。整体来看，电信运营商大数据发展仍处在探索阶段。目前国内运营商运用大数据主要有：网络管理和优化；市场与精准营销；客户关系管理；企业运营管理。
"
数据科学+智能科学实验室解决方案|虽然大数据目前在国内还处于初级阶段，但是其商业价值已经显现出来，特别是有实践经验的大数据分析人才更是各企业争夺的热门。为了满足日益增长的大数据分析人才需求，很多大学开始尝试开设不同程度的大数据分析课程。“大数据分析”作为大数据时代的核心技术，必将成为高校数学与统计学专业的重要课程之一。
医疗卫生|乳腺癌证素变化规律及截断疗法模型、基于内容图像检索的脑瘤早期辅助诊断模型
一体化教学实训平台解决方案|大数据一体化教学实训平台共包含9大模块：教学管理平台、云资源管理平台、大数据分析平台、大数据开发实训平台、Python数据挖掘建模平台、Python编程实训平台、R语言数据挖掘建模平台、R语言编程实训平台、大数据整合平台。
金融保险|客户细分分析、银行风险管理、银行信用等级评估
大数据挖掘工作室建设方案|大数据处理为一个新兴的行业，大数据的应用正在各个行业风生水起，大至总统竞选，小至互联网公司的数据挖掘，都需要大数据的统计和计量，大数据行业正乘着这股潮流勇攀高峰，前景无限。
生产制造|智能自动配方仿真、不同种类生物质废物在混合厌氧消化过程中组份的优化搭配模型、厌氧消化过程预测和预警、桩基完整性检测、石油勘探中油气层自动评价、家电用户使用习惯数据挖掘、家电设备（如空调、热水器等）用户行为分析、
大数据挖掘校内实训方案|"随着互联网普及和移动互联网的突飞猛进，人们已然进入信息爆炸时代，人们已不再为如何获取信息而苦恼，但如何对已获取的信息进行有效处理，即在现有数据资源上进行“数据深加工”，进一步从中挖掘出有价值的内容却困扰着无数人。在此背景下，数据科学人才也顺势成为当今社会最受欢迎的群体之一，而其中又以数据分析与挖掘人才的需求最为迫切。
但现实是，一方面大量社会企业很难寻找到合适的数据分析及挖掘人才，另一方面高校对于如何培养出符合企业需求的人才又深感困扰，。故此，泰迪科技拟出一个针对以上问题的实训方案。"
零售商贸|精准智能营销、展会贸易匹配、客户需求倾向分析
高校大数据相关学科人才培养方案|泰迪科技结合高校面临的困境与众多高校教学专家一起总结出系列大数据人才培养方案，方案在保证了高校学生应接受的基础知识的同时将企业应用结合到课程设置中，让学生早一步了解企业数据挖掘应用。
农畜牧业|水产健康养殖专家系统、水产主导品种数据化专家系统、水色图像预测评价、水产养殖投入产出多目标优化仿真、海水增养殖区环境综合评价
泰迪大数据挖掘第二课堂建设方案|高校数据挖掘课堂教学主要存在如下一些问题：​偏重算法、原理的学习，大部分的例子都是为了应用某个算法而设计的，缺少商业背景和问题理解（强调理论体系的完整，弱化实践，忽略了大部分学生是要到一般企业就业的）；教师缺乏解决具体商业问题的经验（接触的项目大多是政府各部门的基金，解决偏理论研究方面的问题）。
政府部门|纳税评估、律师信用评估、个人信用评估、企业信用评级、公安经济犯罪侦查
数据科学+智能科学实验室解决方案|虽然大数据目前在国内还处于初级阶段，但是其商业价值已经显现出来，特别是有实践经验的大数据分析人才更是各企业争夺的热门。为了满足日益增长的大数据分析人才需求，很多大学开始尝试开设不同程度的大数据分析课程。“大数据分析”作为大数据时代的核心技术，必将成为高校数学与统计学专业的重要课程之一。
电力行业|随着计量自动化系统采集覆盖率不断提升、客户渠道服务的大面积推广、智能小区建设的持续推进，配用电环节的用户交互信息已经呈现大数据特征，采用大数据分析技术对这些用户交互信息进行分析，了解客户行为特点、用电偏好、客户业务偏好、渠道偏好、缴费习惯、关注领域等行为，并基于客户特点进行客户分群管理，为渠道分流、业务推荐、节能建议等差异化服务策略制定、精确主动服务提供支撑。
一体化教学实训平台解决方案|大数据一体化教学实训平台共包含9大模块：教学管理平台、云资源管理平台、大数据分析平台、大数据开发实训平台、Python数据挖掘建模平台、Python编程实训平台、R语言数据挖掘建模平台、R语言编程实训平台、大数据整合平台。
电信行业|"电信运营商拥有多年的数据积累，拥有诸如财务收入、业务发展量等结构化数据，也会涉及到图片、文本、音频、视频等非结构化数据。从数据来源看，电信运营商的数据来自于涉及移动语音、固定电话、固网接入和无线上网等所有业务，也会涉及公众客户、政企客户和家庭客户，同时也会收集到实体渠道、电子渠道、直销渠道等所有类型渠道的接触信息。整体来看，电信运营商大数据发展仍处在探索阶段。目前国内运营商运用大数据主要有：网络管理和优化；市场与精准营销；客户关系管理；企业运营管理。
"
大数据挖掘工作室建设方案|大数据处理为一个新兴的行业，大数据的应用正在各个行业风生水起，大至总统竞选，小至互联网公司的数据挖掘，都需要大数据的统计和计量，大数据行业正乘着这股潮流勇攀高峰，前景无限。
医疗卫生|乳腺癌证素变化规律及截断疗法模型、基于内容图像检索的脑瘤早期辅助诊断模型
大数据挖掘校内实训方案|"随着互联网普及和移动互联网的突飞猛进，人们已然进入信息爆炸时代，人们已不再为如何获取信息而苦恼，但如何对已获取的信息进行有效处理，即在现有数据资源上进行“数据深加工”，进一步从中挖掘出有价值的内容却困扰着无数人。在此背景下，数据科学人才也顺势成为当今社会最受欢迎的群体之一，而其中又以数据分析与挖掘人才的需求最为迫切。
但现实是，一方面大量社会企业很难寻找到合适的数据分析及挖掘人才，另一方面高校对于如何培养出符合企业需求的人才又深感困扰，。故此，泰迪科技拟出一个针对以上问题的实训方案。"
金融保险|客户细分分析、银行风险管理、银行信用等级评估
高校大数据相关学科人才培养方案|泰迪科技结合高校面临的困境与众多高校教学专家一起总结出系列大数据人才培养方案，方案在保证了高校学生应接受的基础知识的同时将企业应用结合到课程设置中，让学生早一步了解企业数据挖掘应用。
生产制造|智能自动配方仿真、不同种类生物质废物在混合厌氧消化过程中组份的优化搭配模型、厌氧消化过程预测和预警、桩基完整性检测、石油勘探中油气层自动评价、家电用户使用习惯数据挖掘、家电设备（如空调、热水器等）用户行为分析、
泰迪大数据挖掘第二课堂建设方案|高校数据挖掘课堂教学主要存在如下一些问题：​偏重算法、原理的学习，大部分的例子都是为了应用某个算法而设计的，缺少商业背景和问题理解（强调理论体系的完整，弱化实践，忽略了大部分学生是要到一般企业就业的）；教师缺乏解决具体商业问题的经验（接触的项目大多是政府各部门的基金，解决偏理论研究方面的问题）。
零售商贸|精准智能营销、展会贸易匹配、客户需求倾向分析
农畜牧业|水产健康养殖专家系统、水产主导品种数据化专家系统、水色图像预测评价、水产养殖投入产出多目标优化仿真、海水增养殖区环境综合评价
政府部门|纳税评估、律师信用评估、个人信用评估、企业信用评级、公安经济犯罪侦查
